{"('0', '2', '0000')": [1.9999999999999996, -2.220446049250313e-16, 1.9999999999999996, -2.220446049250313e-16], "('0', '2', '0001')": [1.9998686958689693, 0, 1.9999999999999996, -0.9919], "('0', '2', '0010')": [1.9999999999999996, 0, -0.7, -2.220446049250313e-16], "('0', '2', '0011')": [1.9999999999999996, 0, 0, 0], "('0', '2', '0100')": [1.9889209365484093, -0.9999940950999999, 1.9999999999999996, -2.220446049250313e-16], "('0', '2', '0101')": [1.9999999999999996, 0, 1.9999999999999996, 0], "('0', '2', '0110')": [0, 0, 0, 0], "('0', '2', '0111')": [0, 0, 0, 0], "('0', '2', '1000')": [-0.9099999999999999, -6.923114946420742e-07, 1.9999999999999996, 0], "('0', '2', '1001')": [0, 0, 0, 0], "('0', '2', '1010')": [0, 0, 0, 0], "('0', '2', '1011')": [0, 0, 0, 0], "('0', '2', '1100')": [0, 0, 0, 0], "('0', '2', '1101')": [0, 0, 0, 0], "('0', '2', '1110')": [0, 0, 0, 0], "('0', '2', '1111')": [0, 0, 0, 0], "('0', '3', '0000')": [1.9999999999951847, -2.220446049250313e-16, -2.220446049250313e-16, 1.9999999999999996], "('0', '3', '0001')": [1.9999999999999996, -2.220446039692021e-16, -2.2204460492503082e-16, 0], "('0', '3', '0010')": [1.9999999999999996, -2.220446049250313e-16, -0.973, 1.9999999999999996], "('0', '3', '0011')": [0, 0, 0, 0], "('0', '3', '0100')": [1.9999999999999996, -0.99993439, -2.220446049250313e-16, 1.9999999999999996], "('0', '3', '0101')": [0, 0, 0, 0], "('0', '3', '0110')": [1.9999999999999996, 0, 0, 0], "('0', '3', '0111')": [0, 0, 0, 0], "('0', '3', '1000')": [-0.7, -1.0, -2.253392297089895e-16, 1.9999999999999996], "('0', '3', '1001')": [0, 0, 0, 0], "('0', '3', '1010')": [0, 0, 0, 0], "('0', '3', '1011')": [0, 0, 0, 0], "('0', '3', '1100')": [0, 0, 0, 0], "('0', '3', '1101')": [0, 0, 0, 0], "('0', '3', '1110')": [0, 0, 0, 0], "('0', '3', '1111')": [0, 0, 0, 0], "('0', 'NA', '0000')": [1.9999999999999996, -2.220446049250313e-16, -2.220446049250313e-16, -2.220446049250313e-16], "('0', 'NA', '0001')": [1.9999999999999996, 0, 0, 0], "('0', 'NA', '0010')": [1.9999999999999996, 0, -0.9099999999999999, -7.250768608957177e-16], "('0', 'NA', '0011')": [0, 0, 0, 0], "('0', 'NA', '0100')": [1.9999999999999996, -0.9099999999999999, -2.2204460492506306e-16, -2.221613022368452e-16], "('0', 'NA', '0101')": [0, 0, 0, 0], "('0', 'NA', '0110')": [0, 0, 0, 0], "('0', 'NA', '0111')": [0, 0, 0, 0], "('0', 'NA', '1000')": [-0.7, 0, 0, 0], "('0', 'NA', '1001')": [0, 0, 0, 0], "('0', 'NA', '1010')": [0, 0, 0, 0], "('0', 'NA', '1011')": [0, 0, 0, 0], "('0', 'NA', '1100')": [0, 0, 0, 0], "('0', 'NA', '1101')": [0, 0, 0, 0], "('0', 'NA', '1110')": [0, 0, 0, 0], "('0', 'NA', '1111')": [0, 0, 0, 0], "('1', '2', '0000')": [-2.220446049250313e-16, 1.9999999999999996, 1.9999999999999996, -2.220446049250313e-16], "('1', '2', '0001')": [-2.220446049250313e-16, 1.9999999999999996, 1.9999999999999996, -0.9099999999999999], "('1', '2', '0010')": [-2.2203003657850217e-16, 1.9999999999999996, -0.7, -2.220446049250313e-16], "('1', '2', '0011')": [-0.973, 1.9999999996982156, 0, 0], "('1', '2', '0100')": [-0.973, -0.7, 1.9999999999999996, -0.9099999999999999], "('1', '2', '0101')": [-0.9099999999999999, -0.7, 0, 0], "('1', '2', '0110')": [0, 0, 0, 0], "('1', '2', '0111')": [0, 0, 0, 0], "('1', '2', '1000')": [-0.9999999987085983, 1.9999999999999996, 1.9999999999999996, -2.220446049250313e-16], "('1', '2', '1001')": [-0.9099999999999999, 1.9999999999999996, 1.9999606339999998, 0], "('1', '2', '1010')": [0, 0, 0, 0], "('1', '2', '1011')": [0, 0, 0, 0], "('1', '2', '1100')": [0, 0, 0, 0], "('1', '2', '1101')": [0, 0, 0, 0], "('1', '2', '1110')": [0, 0, 0, 0], "('1', '2', '1111')": [0, 0, 0, 0], "('1', '3', '0000')": [-2.220446049250313e-16, 1.9999999999999996, -2.220446049250313e-16, 1.9999999999999996], "('1', '3', '0001')": [-1.5511862465582706e-15, 1.9999999632081478, 0, 0], "('1', '3', '0010')": [-1.561482150154417e-14, 1.9999999999999996, -0.9099999999999999, 1.9999999999999996], "('1', '3', '0011')": [0, 0, 0, 0], "('1', '3', '0100')": [-0.034936079922222946, -0.7, -0.9919, 1.9999999999999996], "('1', '3', '0101')": [0, 0, 0, 0], "('1', '3', '0110')": [-0.13488160252201412, 0, 0, 0], "('1', '3', '0111')": [0, 0, 0, 0], "('1', '3', '1000')": [-0.9999998405677, 1.9999999999999996, -0.0032064500862136916, 1.9999999999999996], "('1', '3', '1001')": [-0.7, 1.9837999999999996, 0, 0], "('1', '3', '1010')": [-0.7, 1.9459368046565384, 0, 0], "('1', '3', '1011')": [0, 0, 0, 0], "('1', '3', '1100')": [-0.7, 0, 0, 0], "('1', '3', '1101')": [0, 0, 0, 0], "('1', '3', '1110')": [0, 0, 0, 0], "('1', '3', '1111')": [0, 0, 0, 0], "('1', 'NA', '0000')": [-2.220446049250313e-16, 1.9999999999999996, -2.220446049250313e-16, 0], "('1', 'NA', '0001')": [-0.973, 1.9999999999999996, 0, -0.7], "('1', 'NA', '0010')": [0, 1.9999999999999996, -0.7, 0], "('1', 'NA', '0011')": [0, 0, 0, 0], "('1', 'NA', '0100')": [-0.9099999999999999, -0.7, 0, 0], "('1', 'NA', '0101')": [0, 0, 0, 0], "('1', 'NA', '0110')": [0, 0, 0, 0], "('1', 'NA', '0111')": [0, 0, 0, 0], "('1', 'NA', '1000')": [-0.7, 1.9999999999999996, -4.208131525467791e-09, -2.220446049250313e-16], "('1', 'NA', '1001')": [0, 0, 0, 0], "('1', 'NA', '1010')": [0, 0, 0, 0], "('1', 'NA', '1011')": [0, 0, 0, 0], "('1', 'NA', '1100')": [0, 0, 0, 0], "('1', 'NA', '1101')": [0, 0, 0, 0], "('1', 'NA', '1110')": [0, 0, 0, 0], "('1', 'NA', '1111')": [0, 0, 0, 0], "('NA', '2', '0000')": [-2.220446049250313e-16, -2.220446049250313e-16, 1.9999999999999996, -4.79473670277318e-09], "('NA', '2', '0001')": [-2.2212999486016437e-16, -5.7842724882848956e-08, 1.9999999999999996, -0.999271], "('NA', '2', '0010')": [-8.044091892589606e-14, 0, -0.7, 0], "('NA', '2', '0011')": [0, 0, 0, 0], "('NA', '2', '0100')": [-1.2809739162213398e-14, -0.7, 1.9893118330459547, -0.9999999999999746], "('NA', '2', '0101')": [-2.1604940059205546e-16, 0, 0, 0], "('NA', '2', '0110')": [0, 0, 0, 0], "('NA', '2', '0111')": [0, 0, 0, 0], "('NA', '2', '1000')": [-0.7, -2.219960437699342e-16, 1.9999999999999996, 0], "('NA', '2', '1001')": [-0.7, 0, 0, 0], "('NA', '2', '1010')": [0, 0, 0, 0], "('NA', '2', '1011')": [0, 0, 0, 0], "('NA', '2', '1100')": [-0.7, 0, 0, 0], "('NA', '2', '1101')": [0, 0, 0, 0], "('NA', '2', '1110')": [0, 0, 0, 0], "('NA', '2', '1111')": [0, 0, 0, 0], "('NA', '3', '0000')": [-2.220446049250313e-16, -2.220446049250313e-16, -2.220446049250313e-16, 1.9999999999999996], "('NA', '3', '0001')": [-0.034936079922221, -2.220446049250313e-16, -0.9099999999999999, -0.7], "('NA', '3', '0010')": [-2.2206518669720333e-16, -2.220446049250313e-16, -0.973, 1.9999999999999996], "('NA', '3', '0011')": [0, 0, 0, 0], "('NA', '3', '0100')": [-0.973, -0.7, -1.0, 1.9999999999999996], "('NA', '3', '0101')": [0, 0, 0, 0], "('NA', '3', '0110')": [0, 0, 0, 0], "('NA', '3', '0111')": [0, 0, 0, 0], "('NA', '3', '1000')": [-0.9099999999999999, -1.9683000000222063e-05, -0.9999999999999998, 1.9999999999999996], "('NA', '3', '1001')": [0, 0, 0, 0], "('NA', '3', '1010')": [0, 0, 0, 0], "('NA', '3', '1011')": [0, 0, 0, 0], "('NA', '3', '1100')": [0, 0, 0, 0], "('NA', '3', '1101')": [0, 0, 0, 0], "('NA', '3', '1110')": [0, 0, 0, 0], "('NA', '3', '1111')": [0, 0, 0, 0], "('NA', 'NA', '0000')": [0, 0, 0, 0], "('NA', 'NA', '0001')": [0, 0, 0, 0], "('NA', 'NA', '0010')": [0, 0, 0, 0], "('NA', 'NA', '0011')": [0, 0, 0, 0], "('NA', 'NA', '0100')": [0, 0, 0, 0], "('NA', 'NA', '0101')": [0, 0, 0, 0], "('NA', 'NA', '0110')": [0, 0, 0, 0], "('NA', 'NA', '0111')": [0, 0, 0, 0], "('NA', 'NA', '1000')": [0, 0, 0, 0], "('NA', 'NA', '1001')": [0, 0, 0, 0], "('NA', 'NA', '1010')": [0, 0, 0, 0], "('NA', 'NA', '1011')": [0, 0, 0, 0], "('NA', 'NA', '1100')": [0, 0, 0, 0], "('NA', 'NA', '1101')": [0, 0, 0, 0], "('NA', 'NA', '1110')": [0, 0, 0, 0], "('NA', 'NA', '1111')": [0, 0, 0, 0]}